video_id,skill_id,title,traditional_relevance,depth,clarity,practical_examples_count,instructional_language
lLRBYKwP8GQ,numpy_array_manipulation,Ultimate Guide to NumPy Arrays - VERY DETAILED TUTORIAL for beginners!,4,3,3,2,5
xECXZ3tyONo,numpy_array_manipulation,Learn NUMPY in 5 minutes - BEST Python Library!,4,3,2,0,5
QUT1VHiLmmI,numpy_array_manipulation,Python NumPy Tutorial for Beginners,4,3,3,1,5
9fcTq8PDWWA,numpy_array_manipulation,Introduction to NumPy Arrays for Beginners - Learn NumPy Series,1,2,3,0,5
VXU4LSAQDSc,numpy_array_manipulation,Learn NumPy in 1 hour! üî¢,4,3,5,2,5
rN0TREj8G7U,numpy_array_manipulation,numpy tutorial - introduction | numpy array vs python list,2,3,3,0,5
NYPKbmE0H6E,numpy_array_manipulation,#29 Python Tutorial for Beginners | Ways of Creating Arrays in Numpy,1,3,3,0,5
EnhgbolbEe0,numpy_array_manipulation,NumPy multidimensional arrays are easy! üßä,2,2,5,0,5
CVyIbakZVEM,numpy_array_manipulation,Python Programming Language(English) #015  |Python String| From Zero to Hero| 2025,1,2,4,0,5
8JfDAm9y_7s,numpy_array_manipulation,Python NumPy Tutorial | NumPy Array | Python Tutorial For Beginners | Python Training | Edureka,4,3,3,2,5
Gc-dwloxNFE,numpy_array_manipulation,Start using NumPy in 5 minutes! üî¢,1,2,5,0,5
1qz7qUM6yUI,numpy_array_manipulation,NumPy Full Course (2025) | NumPy Python Tutorial For Beginners | Learn NumPy in 2 Hours |Intellipaat,4,3,5,5,5
a8aDcLk4vRc,numpy_array_manipulation,numpy tutorial - basic array operations,4,3,3,1,5
SqhVpJSHuyI,numpy_array_manipulation,What is Numpy and Why?,1,3,3,0,4
uRsE5WGiKWo,numpy_array_manipulation,NumPy for Beginners in 15 minutes | Python Crash Course,3,3,3,2,5
0Ef84hdxlTI,numpy_array_manipulation,How to create a Numpy Array in Python | Complete Guide | Examples | 2021 | Amit Thinks,1,1,1,0,1
4uFs1qouPEI,numpy_array_manipulation,11 - numpy arrays,4,3,3,0,5
Rldzskbnjgo,numpy_array_manipulation,ARRAYS in Python - Start Here!,2,2,5,1,5
biLz7KPgHJA,numpy_array_manipulation,Numpy Tutorial - Introduction to  Arrays in Python,3,2,5,0,5
G14STCiT2Jw,numpy_array_manipulation,"Python Tutorial: Learn Numpy - Array Indexing & Creation, Basic & Advanced Operations in 20 Minutes",4,2,3,2,5
tdWLrmnayBI,numpy_array_manipulation,Python NumPy | Array,2,2,4,0,5
AAS8yoKuK7M,numpy_array_manipulation,NUMPY Arrays Tutorial in Jupyter with examples,4,2,3,1,5
KJlHh8mBQyY,numpy_array_manipulation,Python for Data Analysis: Numpy Arrays,4,3,2,1,4
l6Vsu5SX_Wc,numpy_array_manipulation,Unknown,1,1,1,0,1
NTsWJm6TuW0,numpy_array_manipulation,NumPy Array Manipulation Tutorial - Learn to Manipulate Arrays in Python,4,2,2,0,5
dQrYF8w6DTk,numpy_array_manipulation,Mastering NumPy Array Manipulation Techniques,4,2,3,1,2
bw4uM_UF2DU,numpy_array_manipulation,"NumPy Array Complete Basic Tutorial: 1D, 2D, 3D array Manipulation, slicing, indexing, concatenation",4,3,3,2,5
JTO2ED5Vr0Q,numpy_array_manipulation,"Numpy Array Shape Manipulation using Reshape, Ravel, and Flatten",3,3,3,0,5
uIfV2XPyKOo,numpy_array_manipulation,NumPy LT3: Array Manipulation Part 1,4,3,3,3,4
Ss9ZYxlP8LM,numpy_array_manipulation,Unknown,1,1,1,0,1
E6aL4mbTzmg,numpy_array_manipulation,Python Numpy Tutorial 3 - Array Manipulation,2,3,3,0,4
uDiNB55nBZU,numpy_array_manipulation,Python Numpy - array manipulation #10,1,1,1,0,1
HDU0AcayfCo,numpy_array_manipulation,024 - Array Manipulation in Python with NumPy: Essential Techniques & Examples,2,3,3,0,5
biSYY7_Ajtw,numpy_array_manipulation,Creating and Manipulating NumPy Arrays | Tech NS Arena,1,2,3,0,5
wSerhE26qlU,numpy_array_manipulation,"NumPy Array Manipulation || Master NumPy in 45min || Methods : Reshape, Transpose, Insert, Delete...",3,3,3,0,3
4F-YLuTg1uk,numpy_array_manipulation,Array Manipulation | Transpose | Numpy Library | Python Tutorial,1,1,1,0,1
gGw8Lf_Y6Ic,numpy_array_manipulation,05  NymPy | Numerical Python | 3-Dimensional Image Array Manipulation: AI and ML Foundations,4,3,3,4,4
9XcvvNFWeI0,numpy_array_manipulation,Another Numpy Array Manipulation Problem - Method 1,1,3,3,0,5
KHoEbRH46Zk,numpy_array_manipulation,NumPy vs Pandas,1,2,3,0,5
aegyF26ppP4,numpy_array_manipulation,Unknown,1,1,1,0,1
eClQWW_gbFk,numpy_array_manipulation,NumPy Explained - Full Course (3 Hrs),4,3,3,11,5
4c_mwnYdbhQ,numpy_array_manipulation,NumPy Full Python Course - Data Science Fundamentals,4,3,3,5,5
gnKbAAVUzro,numpy_array_manipulation,Intro To Numpy - Numpy For Machine Learning 1,1,2,3,0,5
JbB8CQJIaNo,numpy_array_manipulation,Unknown,1,1,1,0,1
nRkHDb0AAL8,numpy_array_manipulation,Unknown,1,1,1,0,1
XC_j0cr_a8U,numpy_array_manipulation,"Numpy Array - Sum, Axes and Dimensions",1,1,1,0,1
-cuhXbg8UBI,numpy_array_manipulation,Learn Python NumPy #3 - Array Math Operations,1,2,3,0,5
E1IPJOd7dWQ,numpy_array_manipulation,NumPy Operations - Ultimate Guide to Methods and Functions for Beginners!,3,3,3,1,5
4qyjiMD3Ii0,numpy_array_manipulation,Common Python Libraries- NumPy - Array Operations,3,3,3,3,5
xd0A6xmgYbs,numpy_array_manipulation,Python Lecture 19: Operations on NumPy Arrays,1,2,3,0,5
oud3Jd1FJ7c,numpy_array_manipulation,[40] Intro to NumPy Array Operations (Meenal Jhajharia),4,3,3,2,4
CGCPOhwtZEs,numpy_array_manipulation,Python NumPy Tutorial | Basic Array Operations | Numpy Array | Numerical Operations in Numpy,3,3,3,1,5
A8nAVCM_BWo,numpy_array_manipulation,Array Operations using Numpy - Hands on | Python Hub,3,2,2,0,2
bDhvCp3_lYw,pandas_data_cleaning,Data Cleaning in Pandas | Python Pandas Tutorials,3,3,3,0,5
5eYTaYHzoEE,pandas_data_cleaning,Unknown,1,1,1,0,1
iaZQF8SLHJs,pandas_data_cleaning,Real World Data Cleaning in Python Pandas (Step By Step),2,3,3,0,5
MDaMmWBI-S8,pandas_data_cleaning,Step-by-Step Data Cleaning with Python | Python Pandas Tutorial,4,3,3,3,5
qxpKCBV60U4,pandas_data_cleaning,How to Do Data Cleaning (step-by-step tutorial on real-life dataset),2,3,3,0,5
Ck0QgwiCEIs,pandas_data_cleaning,Data cleaning in Pandas is easy! üßπ,3,2,5,0,5
KdmPHEnPJPs,pandas_data_cleaning,Python Pandas Tutorial (Part 9): Cleaning Data - Casting Datatypes and Handling Missing Values,3,3,3,0,5
jFIiTR4PKpQ,pandas_data_cleaning,Unknown,1,1,1,0,1
2uvysYbKdjM,pandas_data_cleaning,Complete Python Pandas Data Science Tutorial! (2025 Updated Edition),4,4,3,3,5
aegyF26ppP4,pandas_data_cleaning,Unknown,1,1,1,0,1
WpX2F2BS3Qc,pandas_data_cleaning,What is Data Cleaning? | Data Fundamentals for Beginners,1,2,3,0,5
Mdq1WWSdUtw,pandas_data_cleaning,"Learn Pandas in Under 3 Hours | Filtering, Joins, Indexing, Data Cleaning, Visualizations",4,3,3,4,5
mkYBJwX_dMs,pandas_data_cleaning,Learn how to use PANDAS in Python in 15 minutes - with 10 real examples,1,2,3,0,5
xi0vhXFPegw,pandas_data_cleaning,Exploratory Data Analysis with Pandas Python,4,3,5,0,5
GjAkPirfHBA,pandas_data_cleaning,Starting to Clean Data With Pandas,2,3,3,1,3
cAap5kVnpLM,pandas_data_cleaning,Unknown,1,1,1,0,1
OEzg2WwlDcg,pandas_data_cleaning,21. How to clean the data in Pandas | Complete Python Pandas Tutorial for Data Science | Amit Thinks,2,2,2,1,5
aehDav2peFU,pandas_data_cleaning,Unknown,1,1,1,0,1
ZX8vmcSTCrc,pandas_data_cleaning,Data Cleaning with Python (Full Course) | Step-by-Step Guide for Data Analyst & Data Science,4,4,5,1,5
hnGuedS-Rss,pandas_data_cleaning,Top techniques to clean data with Pandas [ Beginner-Friendly Python Tutorial ],4,3,3,1,5
I7DZP4rVQOU,pandas_data_cleaning,Data Cleaning with Python Pandas: Hands-On Tutorial with Real World Data,2,3,3,0,5
Vbe2GaWGKgk,pandas_data_cleaning,Data Cleaning with Python & Pandas | Complete Tutorial | Data Science Project for Beginners,3,2,5,1,5
GNgutUElOTk,pandas_data_cleaning,Python Pros Won‚Äôt Like This‚Ä¶ But It‚Äôs Faster for Data Cleaning (Real Project),2,3,3,0,4
7qcfWbIOyPI,pandas_data_cleaning,Pandas Data Cleaning Tutorial (Step-by-Step) | Python for Data Analysis 2 | Python Pandas Tutorial,4,3,5,3,5
VqYQCm1ZyRY,pandas_data_cleaning,Data Cleaning(Beginner - Advanced): Practical Projects | Python Pandas Tutorial | Real World Dataset,4,3,5,2,5
b0oTpOq27o4,pandas_data_cleaning,Part 02 - Python Quick Tutorial - Pandas and Data preprocessing,3,3,3,0,4
tRKeLrwfUgU,pandas_data_cleaning,Pandas for Data Science in 20 Minutes | Python Crash Course,3,2,3,2,5
L3xcimk8GpM,pandas_data_cleaning,Pandas Techniques for Data Cleaning and Preprocessing | Python Libraries for Data Science #pandas,2,3,3,3,5
3lcJl4hhW9c,pandas_data_cleaning,2.2 Data Preprocessing (with Pandas),2,3,3,0,5
EeWMidT9JMs,pandas_data_cleaning,6. Data Cleaning and Preprocessing in Pandas (Quick Quiz Included!),3,3,5,1,5
ARMdSL4WI88,pandas_data_cleaning,Data Preprocessing & Feature Engineering Simplified: Pandas & Numpy Techniques You Need to Know!,2,2,2,0,5
LdeP61l_nQA,pandas_data_cleaning,Basic pandas data preprocessing - Raw coding practical,1,3,3,1,5
w_CMEOtz8uQ,pandas_data_cleaning,Machine Learning: Preprocessing of data using Python Pandas,1,1,1,0,1
QbOE-LCY4Hs,pandas_data_cleaning,#41. Pandas Data Cleaning Operations | Python Data Preprocessing Tutorial | AI and ML Full Course,1,1,1,0,1
EaGbS7eWSs0,pandas_data_cleaning,"Python Pandas Tutorial 5: Handle Missing Data: fillna, dropna, interpolate",1,3,2,0,5
TQ1g6wZkYI4,pandas_data_cleaning,Pandas Power - Mastering Data Cleaning and Preprocessing | Python for Data Analytics,3,1,3,0,2
MsoCTcaLbZY,pandas_data_cleaning,#40. Pandas Data Cleaning | Python Data Preprocessing Tutorial | AI and ML Full Course for Beginners,1,1,1,0,1
uDr67HBIPz8,pandas_data_cleaning,Handling Missing Values in Pandas Dataframe | GeeksforGeeks,1,1,1,0,1
wUuILD-3VJU,pandas_data_cleaning,Python Pandas Filter Missing data Tutorial-11,3,3,3,0,5
AbBZYHNYFaY,pandas_data_cleaning,How to Detect and Fill Missing Values in Pandas (Python),1,1,1,0,1
YxZ0D_PRN2w,pandas_data_cleaning,Missing Data Imputation in Pandas | #40 of 53: The Complete Pandas Course,1,2,3,1,5
fCMrO_VzeL8,pandas_data_cleaning,How do I handle missing values in pandas?,3,2,2,0,5
Z_SQ6nj1pvs,pandas_data_cleaning,Pandas Missing Values | Python Pandas Tutorial For Beginners,1,2,3,0,5
E1_pHKOfUxA,pandas_data_cleaning,Handling Missing Data (Data Cleaning) - Pandas | Python ~ Episode 6,3,3,3,0,5
csG53mxVdk8,pandas_data_cleaning,How to detect replace and remove missing data using Pandas Python library,1,3,3,3,5
nQ8mx4zN6SM,pandas_data_cleaning,When Should You Use Pandas Notna() For Missing Data? - Python Code School,3,1,4,0,5
XOxABiMhG2U,pandas_data_cleaning,Python Pandas Tutorial 6. Handle Missing Data: replace function,1,3,3,0,5
QVJY4qJ5-YE,pandas_data_cleaning,Python Pandas Tutorial - Handling Missing Data Using Pandas,2,3,3,2,5
LXMLq-bke5w,pandas_data_cleaning,Data Cleaning using Pandas (Part 1): Handling Missing Values,2,2,2,0,5
u8N5B-nXhKc,pandas_data_cleaning,How to Deal With Missing Data In Python Pandas (20+ Examples!),3,3,5,0,5
LAh3cagKZ6E,pandas_data_cleaning,Unknown,1,1,1,0,1
p51jngaf0g4,pandas_data_cleaning,Find missing values in data with Pandas | Beginner tutorial,2,3,3,0,5
TSzJUF-Prbg,pandas_data_cleaning,Unknown,1,1,1,0,1
IVZYSLzZHs0,pandas_data_cleaning,Unknown,1,1,1,0,1
yvgVHk9ntKQ,pandas_data_cleaning,What Are Python Pandas Methods For Missing Data? - Python Code School,2,1,4,0,4
vSyymtg_BVw,pandas_data_cleaning,Data Wrangling with Python and Pandas,4,3,5,2,5
DkjCaAMBGWM,pandas_data_cleaning,Learning Pandas for Data Analysis? Start Here.,2,3,3,0,4
DXNBYtpwB_g,pandas_data_cleaning,3 top tips for pandas data wrangling,1,2,3,0,4
RFMXrKK15xo,pandas_data_cleaning,Data Wrangling and Intro to pandas - Part 1 - Strata Hadoop World San Jose 2016,4,3,3,0,4
q5zEmfzzWbQ,pandas_data_cleaning,Data Wrangling Explained in 2 Minutes! üìä,2,1,3,0,2
6rDqwji7eMc,pandas_data_cleaning,Data Wrangling with Python and Pandas - Workshop,4,3,3,7,5
REdEQdmvMa0,pandas_data_cleaning,Data Wrangling with Pandas Part 2 - The Return of the Wrangle,4,3,3,1,5
LSH1tkTmCvM,pandas_data_cleaning,Kung Fu Data Wrangling in Python with Pandas,4,3,3,1,5
gtjxAH8uaP0,pandas_data_cleaning,Pandas & Python for Data Analysis by Example ‚Äì Full Course for Beginners,4,3,5,2,5
dMq7fnKU-Z4,pandas_data_cleaning,Data Wrangling with Python and Pandas LIVE,4,3,3,0,4
U_xMLEnGivg,pandas_data_cleaning,Unknown,1,1,1,0,1
_Eb0utIRdkw,pandas_data_cleaning,A Gentle Introduction to Pandas Data Analysis (on Kaggle),4,3,3,0,5
w2cx9BEiq1U,pandas_data_cleaning,Data Wrangling and Manipulation with Python,3,3,3,2,5
m6ucljvcn9c,pandas_data_cleaning,Data Wrangling and Intro to pandas - Part 2 - Strata Hadoop World San Jose 2016,1,3,3,0,4
OZOOLe2imFo,matplotlib_visualization,Matplotlib Full Python Course - Data Science Fundamentals,5,3,3,5,5
D4VlmL3G4_o,matplotlib_visualization,HOW TO USE Matplotlib in 4 MINUTES (2020 Python Tutorial),4,2,3,0,5
wB9C0Mz9gSo,matplotlib_visualization,Matplotlib Tutorial : Matplotlib Full Course,5,3,3,2,3
UO98lJQ3QGI,matplotlib_visualization,Matplotlib Tutorial (Part 1): Creating and Customizing Our First Plots,5,3,3,0,5
3Xc3CA655Y4,matplotlib_visualization,Matplotlib Crash Course,4,3,3,2,5
c9vhHUGdav0,matplotlib_visualization,Learn Matplotlib in 1 hour! üìä,4,3,5,6,5
qErBw-R2Ybk,matplotlib_visualization,Python - Matplotlib Tutorial for Beginners,4,3,3,0,5
cTJBJH8hacc,matplotlib_visualization,"Matplotlib Tutorial: For Physicists, Engineers, and Mathematicians",2,3,3,4,5
DAQNHzOcO5A,matplotlib_visualization,"Intro to Data Visualization in Python with Matplotlib! (line graph, bar chart, title, labels, size)",4,3,3,2,5
xXibS9832FM,matplotlib_visualization,Matplotlib Python Full Course 2025| Matplotlib in One Hour-Data Visualization Tutorial | Intellipaat,1,1,1,0,1
nzKy9GY12yo,matplotlib_visualization,Learn Matplotlib in 6 minutes | Matplotlib Python Tutorial,1,1,1,0,1
0P7QnIQDBJY,matplotlib_visualization,"Python Plotting Tutorial w/ Matplotlib & Pandas (Line Graph, Histogram, Pie Chart, Box & Whiskers)",4,3,3,0,5
a9UrKTVEeZA,matplotlib_visualization,"Intro to Data Analysis / Visualization with Python, Matplotlib and Pandas | Matplotlib Tutorial",4,3,3,0,4
SyeQhJF4ny0,matplotlib_visualization,Matplotlib in One Hour | Learn to visualise data like a pro | Crash Course | Machine Learning,4,3,3,3,5
qqwf4Vuj8oM,matplotlib_visualization,Matplotlib Tutorial 1 - Introduction and Installation,4,2,2,0,5
2KY5AaFvWtE,matplotlib_visualization,Start using Matplotlib in 7 minutes! üìä,4,2,5,1,5
gvn8RIG38CM,matplotlib_visualization,Learn Data Visualization with Matplotlib in Python: A Beginner‚Äôs Guide,4,3,3,0,5
DFBkTIhptOQ,matplotlib_visualization,Python Matplotlib Tutorial for Beginners | Learn in 2 hours | Data Science & Analysis | Amit Thinks,5,3,3,9,5
yZTBMMdPOww,matplotlib_visualization,Python Matplotlib Tutorial | Matplotlib Tutorial | Python Tutorial | Python Training | Edureka,4,3,5,3,5
q7Bo_J8x_dw,matplotlib_visualization,Matplotlib Tutorial 1 - Introduction and Line,4,2,3,0,5
2mCIcm8xau0,matplotlib_visualization,Python Tutorial: Introduction to data visualization with Matplotlib,2,2,3,0,5
czQO1_GEEos,matplotlib_visualization,Tutorial 8- Matplotlib (Simple Visualization Library),1,1,1,0,1
4O_o53ag3ag,matplotlib_visualization,7 Python Data Visualization Libraries in 15 minutes,5,3,3,0,3
l3uEbSXE6cY,matplotlib_visualization,Unknown,1,1,1,0,1
jNiQaErXg8s,matplotlib_visualization,Top 5 Python Libraries for Data Visualization,4,2,3,0,3
UZDP9IPMqcs,matplotlib_visualization,"Comprehensive Guide on MATPLOTLIB, SEABORN & PLOTLY | Python Data Analysis",4,3,3,0,5
hkU4_fyZo40,matplotlib_visualization,Matplotlib Interview Questions | Python Data Visualization Complete Guide for Job Success,3,2,3,1,2
MbKrSmoMads,matplotlib_visualization,Python: Intro to Visualization with Matplotlib,4,3,3,0,4
ehlmVfPACFc,matplotlib_visualization,Unknown,1,1,1,0,1
09ja09E9ThE,matplotlib_visualization,Unknown,1,1,1,0,1
50SGBO3Psqk,matplotlib_visualization,"Matplotlib Tutorial for Beginners: Line Charts, Scatter Plots & BoxPlots | Python Data Visualization",3,3,5,1,5
SIlLbTon6V0,matplotlib_visualization,Create Time Series Animations in Python with Matplotlib! (Line Graphs),2,3,3,0,5
X69y9N65Iu8,matplotlib_visualization,Python Tutorial for Beginners #13 - Plotting Graphs in Python (matplotlib),4,3,5,0,5
ugBTczoyFRo,matplotlib_visualization,Unknown,1,1,1,0,1
aegyF26ppP4,matplotlib_visualization,Unknown,1,1,1,0,1
Ercd-Ip5PfQ,matplotlib_visualization,Matplotlib Tutorial (Part 9): Plotting Live Data in Real-Time,1,3,3,3,5
0QLJduh1MNM,matplotlib_visualization,MatPlotLib Python Tutorial in Jupyter Notebooks - Part 1,4,3,3,0,5
zNhq_oCTPcM,matplotlib_visualization,Matplotlib Tutorial #11: Object-Oriented Interface (figure and axes),4,2,2,1,5
FN78JowwpSY,matplotlib_visualization,Data Visualization using Matplotlib and Seaborn | Data Visualization in Python | Python Tutorial,4,3,3,4,4
4qq7W4_V5pI,matplotlib_visualization,Unknown,1,1,1,0,1
pgU1vYKeoaE,matplotlib_visualization,Unknown,1,1,1,0,1
8Hnvd_cjKIw,matplotlib_visualization,Data Visualization using Matplotlib,4,3,5,0,5
4uHye1tSQP8,matplotlib_visualization,Complete Python Data Visualization Project Walkthrough with matplotlib and pandas,4,3,5,1,5
-jTD74eEy2I,matplotlib_visualization,Complete Data Visualization Course for Beginners |  Matplotlib & Seaborn | Sheryians AI School,1,1,1,0,1
uF0BAYfyqFo,matplotlib_visualization,Learn Matplotlib in 1 hour - Data Visualization in Python,4,3,3,1,5
r-uOLxNrNk8,matplotlib_visualization,"Data Analysis with Python - Full Course for Beginners (Numpy, Pandas, Matplotlib, Seaborn)",5,3,5,4,5
0B5eIE_1vpU,sklearn_model_training,Scikit-learn Crash Course - Machine Learning Library for Python,5,4,3,12,5
SW0YGA9d8y8,sklearn_model_training,Python Machine Learning for Dummies: Scikit-Learn Tutorial for Beginners,4,3,3,7,5
-IvNzmrcyUM,sklearn_model_training,Simple Machine Learning Code Tutorial for Beginners with Sklearn Scikit-Learn,4,3,5,3,5
SIEaLBXr0rk,sklearn_model_training,Scikit-Learn Full Crash Course - Python Machine Learning,5,3,5,8,5
M9Itm95JzL0,sklearn_model_training,"Real-World Python Machine Learning Tutorial w/ Scikit Learn (sklearn basics, NLP, classifiers, etc)",4,3,3,6,5
pqNCD_5r0IU,sklearn_model_training,Scikit-Learn Course - Machine Learning in Python Tutorial,1,1,1,0,1
B5VFg5l6rRs,sklearn_model_training,Learn Scikit-Learn Now! Beginner Tutorial,4,3,3,1,5
7z8-QWlbmoo,sklearn_model_training,What Is Scikit-Learn | Introduction To Scikit-Learn | Machine Learning Tutorial | Intellipaat,3,3,3,1,4
RiEpSd4j0vE,sklearn_model_training,Scikit Learn Tutorial | Scikit-Learn Workflow | Data Preprocessing In Machine Learning | Intellipaat,5,3,3,4,5
0Lt9w-BxKFQ,sklearn_model_training,Scikit-Learn Tutorial | Machine Learning With Scikit-Learn | Sklearn | Python Tutorial | Simplilearn,4,3,3,1,5
t3ecaDij_pU,sklearn_model_training,"Scikit-Learn - 30 minutes, 30 commands, 80% of work done ! üî•üî•üî•",5,3,3,5,5
bwZ3Qiuj3i8,sklearn_model_training,Scikit Learn Tutorial | Machine Learning with Python | Python for Data Science Training | Edureka,4,3,3,3,4
ccukQiz2X5o,sklearn_model_training,Scikit Learn Tutorial | Machine Learning with Python | Python for Data Science Training | Edureka,4,3,3,4,3
DSI5bcxeBvc,sklearn_model_training,Unknown,1,1,1,0,1
TpmDITl8Qwk,sklearn_model_training,Unknown,1,1,1,0,1
xIqX1dqcNbY,sklearn_model_training,Scikit-Learn Model Pipeline Tutorial,4,3,3,2,5
oFa8NvTLkKE,sklearn_model_training,Introduction to Scikit learn in 6 minutes | Free Course | TimesPro,4,2,2,0,5
hDKCxebp88A,sklearn_model_training,Machine Learning with Python and Scikit-Learn ‚Äì Full Course,5,3,5,20,5
SjOfbbfI2qY,sklearn_model_training,Train Test Split with Python Machine Learning (Scikit-Learn),3,2,3,0,4
0tv6ehKCZJQ,sklearn_model_training,Scikit-Learn Tutorial 01 - Introduction and Jupyter Notebooks,1,3,3,0,5
777Qb0gHuJU,sklearn_model_training,Machine Learning Pipelines in Python: Step-by-Step Guide with Scikit-Learn,4,3,3,3,4
_QuGM_FW9eo,sklearn_model_training,Random Forest Algorithm Explained with Python and scikit-learn,4,3,3,1,5
qNxrPri1V0I,sklearn_model_training,Learn Machine Learning Like a GENIUS and Not Waste Time,3,3,2,0,3
aL21Y-u0SRs,sklearn_model_training,Hands-On Machine Learning: Logistic Regression with Python and Scikit-Learn,4,3,3,1,5
CVszSgTWODE,sklearn_model_training,Linear Regression with Python | Sklearn Machine Learning Tutorial,4,3,5,6,5
RlQuVL6-qe8,sklearn_model_training,Training a machine learning model with scikit-learn,2,3,3,2,5
-8s9KuNo5SA,sklearn_model_training,Complete Guide to Cross Validation,4,3,3,3,5
29ZQ3TDGgRQ,sklearn_model_training,Build your first machine learning model in Python,5,3,3,2,4
BotYLBQfd5M,sklearn_model_training,"Difference Between fit(), transform(), fit_transform() and predict() methods in Scikit-Learn",1,1,1,0,1
XmSlFPDjKdc,sklearn_model_training,Machine Learning in Python: Building a Classification Model,4,3,3,6,3
ib7-rrG4gIA,sklearn_model_training,93 Choosing The Right Model For Your Data 3 Classification | Scikit-learn Machine Learning Models,4,2,3,1,5
ETChs4iQa8g,sklearn_model_training,Classification in Machine Learning | Machine Learning with Scikit Learn | Intellipaat,4,3,3,6,4
QSoEWNJg3B4,sklearn_model_training,Unknown,1,1,1,0,1
8zrnT1693_4,sklearn_model_training,Machine Learning for Beginners: scikit-learn Image Classification Tutorial,5,3,3,3,4
tJ2SlPcYdc0,sklearn_model_training,How to evaluate ScikitLearn classification model results,3,2,3,1,4
acXmk4Bx8pI,sklearn_model_training,03. Python for machine learning scikit learning: classification clustering with scikit-learn,1,1,1,0,1
il8dMDlXrIE,sklearn_model_training,Image classification with Python and Scikit learn | Computer vision tutorial,4,3,3,2,5
MSAw7Q-ffsY,sklearn_model_training,Scikit-Learn: Binary Classification with Logistic Regression,4,2,3,3,3
85dtiMz9tSo,sklearn_model_training,How to evaluate a classifier in scikit-learn,4,3,3,11,5
QVuSQJBSEGM,sklearn_model_training,Intro to Scikit-learn library for Classification in Python and Classification Boundary Visualization,5,3,3,10,5
6rpz0NSErSQ,sklearn_model_training,Text Classification with Python | Natural Language Processing Course Part 5| Scikit Learn / sklearn,5,2,3,1,5
RJs-KNrwYKY,sklearn_model_training,Cancer Cell Classification Using Scikit-Learn,4,2,3,1,5
XWx8sjTkiuQ,sklearn_model_training,CLASSIFICATION REPORT with Scikit-Learn (Python) - sklearn.metrics.classification_report,1,2,2,2,5
lzXKsY3bANw,sklearn_model_training,Image Classification with scikit-learn,1,2,3,0,5
57duf16I74c,sklearn_model_training,Logistic Regression Tutorial Python Sklearn,4,2,3,0,5
ukZn2RJb7TU,sklearn_model_training,Hands-On Linear Regression with Scikit-Learn in Python (Beginner Friendly),4,3,3,0,5
8jazNUpO3lQ,sklearn_model_training,Machine Learning Tutorial Python - 2: Linear Regression Single Variable,3,3,5,0,5
R15LjD8aCzc,sklearn_model_training,Machine Learning in Python: Building a Linear Regression Model,4,3,3,1,4
b0L47BeklTE,sklearn_model_training,Linear Regression Python Sklearn [FROM SCRATCH],4,2,5,0,5
aV_sRopNTrw,sklearn_model_training,Intro To Linear Regression Models - Pandas For Machine Learning 26,4,2,3,0,5
9crcSlhReas,sklearn_model_training,Unknown,1,1,1,0,1
S-50vbGGaME,sklearn_model_training,Logistic Regression tutorial | Introduction to machine learning with Python sklearn,4,2,3,2,5
feDJkDaNuOk,sklearn_model_training,Simple Linear Regression in Python - sklearn,5,2,2,0,5
icCKg7LIYF0,sklearn_model_training,Simple Linear regression using python sklearn & statsmodels for Beginners,1,3,3,0,5
3Q6gzUPecLE,sklearn_model_training,Linear Regression -  Machine Learning using Python and Scikit Learn tutorial Chapter 6 1,3,2,2,1,5
1nv-geRSeqk,sklearn_model_training,Machine Learning - Scikit Learn Logistic Regression tutorial #1,4,2,2,0,5
X2fM06o-9Pc,sklearn_model_training,Machine Learning - Scikit Learn Logistic Regression tutorial #2,4,2,3,2,5
VqKq78PVO9g,sklearn_model_training,"Machine Learning Tutorial Python - 17: L1 and L2 Regularization | Lasso, Ridge Regression",4,2,4,0,5
N6l46rYSCpM,sklearn_model_training,Complete Logistic Regression Classifier with Python Code || Machine Learning using Scikit-learn,4,4,2,13,4
hS2IZOX1rmI,sklearn_model_training,Unknown,1,1,1,0,1
ZF4snBjonEo,sklearn_model_training,"Anaconda Setup, Environment Creation, and Linear Regression with SkLearn Tutorial",2,2,3,0,5
JHWqWIoac2I,pytorch_neural_networks,Create a Basic Neural Network Model - Deep Learning with PyTorch 5,3,3,3,2,5
ORMx45xqWkA,pytorch_neural_networks,PyTorch in 100 Seconds,4,2,3,0,5
tHL5STNJKag,pytorch_neural_networks,Build Your First Pytorch Model In Minutes! [Tutorial + Code],4,2,3,4,5
mozBidd58VQ,pytorch_neural_networks,Building a Neural Network with PyTorch in 15 Minutes | Coding Challenge,4,3,3,3,4
FHdlXe1bSe4,pytorch_neural_networks,The StatQuest Introduction to PyTorch,2,3,3,4,5
V_xro1bcAuA,pytorch_neural_networks,PyTorch for Deep Learning & Machine Learning ‚Äì Full Course,5,3,5,20,5
_fZwxh2aro8,pytorch_neural_networks,Let me explain PyTorch in 7 Concepts,4,3,5,4,4
IFsVsXAqPto,pytorch_neural_networks,"Deep Learning with PyTorch Full Course | Master PyTorch, Tensors, and Neural Networks",5,4,5,15,5
r1bquDz5GGA,pytorch_neural_networks,PyTorch in 1 Hour,4,3,5,5,4
fJ40w_2h8kk,pytorch_neural_networks,What is PyTorch? (Machine/Deep Learning),3,2,5,0,5
khMzi6xPbuM,pytorch_neural_networks,Introduction to Coding Neural Networks with PyTorch and Lightning,4,3,5,4,5
e5CDe00B3vE,pytorch_neural_networks,Code your first Neural Network with PyTorch,4,2,3,2,5
Jy4wM2X21u0,pytorch_neural_networks,Pytorch Neural Network example,3,3,3,1,5
fSgNjOvXTCs,pytorch_neural_networks,Unknown,1,1,1,0,1
GIsg-ZUy0MY,pytorch_neural_networks,PyTorch for Deep Learning - Full Course / Tutorial,1,1,1,0,1
MswxJw-8PvE,pytorch_neural_networks,PyTorch Autograd Explained - In-depth Tutorial,2,3,3,4,5
5TTliT31bew,pytorch_neural_networks,Unknown,1,1,1,0,1
z-ZR_8BZ1wQ,pytorch_neural_networks,"Pytorch vs Tensorflow vs Keras | Deep Learning Tutorial 6 (Tensorflow Tutorial, Keras & Python)",2,1,3,0,3
pDdP0TFzsoQ,pytorch_neural_networks,PyTorch Tutorial 14 - Convolutional Neural Network (CNN),3,3,3,2,5
po5qTPKBrRc,pytorch_neural_networks,Unknown,1,1,1,0,1
c36lUUr864M,pytorch_neural_networks,Deep Learning With PyTorch - Full Course,5,4,3,20,5
OIenNRt2bjg,pytorch_neural_networks,PyTorch Crash Course - Getting Started with Deep Learning,5,3,3,6,5
kY14KfZQ1TI,pytorch_neural_networks,Intro To Deep Learning With PyTorch - Deep Learning with Pytorch 1,4,2,3,0,5
Z_ikDlimN6A,pytorch_neural_networks,Learn PyTorch for deep learning in a day. Literally.,4,3,3,20,5
iyHkg7TmHmE,pytorch_neural_networks,PyTorch vs TensorFlow in 2025 - Make the Right Choice (Different Explained),4,2,3,0,3
zcXD8IDa4N4,pytorch_neural_networks,Unknown,1,1,1,0,1
rgP_LBtaUEc,pytorch_neural_networks,Official PyTorch Documentary: Powering the AI Revolution,4,2,3,0,3
IC0_FRiX-sw,pytorch_neural_networks,Introduction to PyTorch,4,3,3,2,4
Idg5uFnpV1M,pytorch_neural_networks,What is PyTorch | Introduction to PyTorch | PyTorch Tutorial For Beginners | Intellipaat,3,2,3,0,3
IiZ-88nFMZM,pytorch_neural_networks,Want to learn PyTorch? Start here,2,3,3,0,5
OXirbkI2a44,pytorch_neural_networks,Learn the Basics of PyTorch,3,2,5,0,5
5ioMqzMRFgM,pytorch_neural_networks,PyTorch Basics and Gradient Descent | Deep Learning with PyTorch: Zero to GANs | Part 1 of 6,1,1,1,0,1
cLLsc4Hlo-8,pytorch_neural_networks,PyTorch vs TensorFlow | Ishan Misra and Lex Fridman,3,2,3,0,5
oM0sfPWHW7k,pytorch_neural_networks,This PyTorch tutorial gives you an unfair advantage,4,3,5,3,5
r7QDUPb2dCM,pytorch_neural_networks,Introduction to PyTorch Tensors,3,3,2,0,5
E0bwEAWmVEM,pytorch_neural_networks,Learn PyTorch in 5 Projects ‚Äì Tutorial,4,3,3,20,5
i8NETqtGHms,pytorch_neural_networks,TensorFlow in 100 Seconds,2,2,3,0,3
lhnYJnYxzFI,pytorch_neural_networks,Learn PyTorch Now! Beginner Tutorial,4,3,3,2,5
zEy9rFnKDAw,pytorch_neural_networks,Unknown,1,1,1,0,1
w8yWXqWQYmU,pytorch_neural_networks,"Building a neural network FROM SCRATCH (no Tensorflow/Pytorch, just numpy & math)",3,3,3,5,5
cAkMcPfY_Ns,pytorch_neural_networks,I Built a Neural Network from Scratch,3,3,3,0,3
IkqlBFeSmug,pytorch_neural_networks,PyTorch MNIST Tutorial: Build Your First Neural Network from Scratch | Complete ANN Guide,4,3,5,1,5
A83BbHFoKb8,pytorch_neural_networks,Neural Network From Scratch: No Pytorch & Tensorflow; just pure math | 30 min theory + 30 min coding,4,3,3,6,5
hfMk-kjRv4c,pytorch_neural_networks,How to Create a Neural Network (and Train it to Identify Doodles),1,3,3,7,5
VMj-3S1tku0,pytorch_neural_networks,The spelled-out intro to neural networks and backpropagation: building micrograd,5,3,3,20,5
_pIMdDWK5sc,pytorch_neural_networks,Building a GAN From Scratch With PyTorch | Theory + Implementation,3,3,3,4,5
aircAruvnKk,pytorch_neural_networks,But what is a neural network? | Deep learning chapter 1,1,4,3,0,5
clqzN2lA6Io,pytorch_neural_networks,Unknown,1,1,1,0,1
NMiNCUt7qgw,tensorflow_image_classification,Image Classifier in TensorFlow,4,3,3,2,5
7HPwo4wnJeA,tensorflow_image_classification,Image classification using CNN (CIFAR10 dataset) | Deep Learning Tutorial 24 (Tensorflow & Python),4,3,3,2,5
IIs1flEtpQk,tensorflow_image_classification,Getting started with image classification,3,2,5,0,5
Gz_PsRRxrHM,tensorflow_image_classification,Deep Learning - Image Classification Tutorial step by step (for Beginners) (python / TensorFlow),3,3,3,0,5
AACPaoDsd50,tensorflow_image_classification,Tensorflow Image Classification | Build Your Own Image Classifier In Tensorflow | Edureka,4,3,3,3,3
u2TjZzNuly8,tensorflow_image_classification,Build an image classifier (ML Zero to Hero - Part 4),3,2,5,0,5
i8NETqtGHms,tensorflow_image_classification,TensorFlow in 100 Seconds,3,2,3,0,3
jztwpsIzEGc,tensorflow_image_classification,Build a Deep CNN Image Classifier with ANY Images,4,3,3,8,5
vpber1mwvrE,tensorflow_image_classification,Multiclass image classification with Tensorflow - simple example,4,3,3,5,5
uPKsnSu_09M,tensorflow_image_classification,Unknown,1,1,1,0,1
7JvriP1lWJA,tensorflow_image_classification,IMAGE CLASSIFICATION with KERAS üî• TensorFlow AI Tutorial,3,3,5,2,5
qaQofXTxkSo,tensorflow_image_classification,Easy Image Classification with Tensorflow,2,3,3,0,5
6NaxGOxThYY,tensorflow_image_classification,Part - 2 | Image data loader | Image Classification using Tensorflow | Complete guide | with Code,3,3,2,3,5
MW4qG56mbhg,tensorflow_image_classification,How to leverage KerasCV for image classification,3,2,5,0,5
NtFzp48AgBo,tensorflow_image_classification,Going further with Image Classification,2,2,5,0,4
EvE0xT36kO0,tensorflow_image_classification,Image classification using Tensorflow and CNN | Basic Deep Learning,5,3,3,11,4
taC5pMCm70U,tensorflow_image_classification,Image classification vs Object detection vs Image Segmentation | Deep Learning Tutorial 28,3,1,3,0,3
_pBeazWc0eQ,tensorflow_image_classification,Simple Image Classification With TensorFlow,3,3,3,4,5
Aj9i2_L2MYk,tensorflow_image_classification,"Multi class image classification using python, tensorflow and keras",3,2,3,2,5
po5qTPKBrRc,tensorflow_image_classification,Unknown,1,1,1,0,1
x_VrgWTKkiM,tensorflow_image_classification,Introducing convolutional neural networks (ML Zero to Hero - Part 3),3,2,5,0,4
tPYj3fFJGjk,tensorflow_image_classification,TensorFlow 2.0 Complete Course - Python Neural Networks for Beginners Tutorial,4,3,5,20,5
zfiSAzpy9NM,tensorflow_image_classification,Simple explanation of convolutional neural network | Deep Learning Tutorial 23 (Tensorflow & Python),3,3,3,0,5
qFJeN9V1ZsI,tensorflow_image_classification,Keras with TensorFlow Course - Python Deep Learning and Neural Networks for Beginners Tutorial,5,4,4,10,5
VPlFpvLOgtQ,tensorflow_image_classification,Code your first Neural Network with TensorFlow,3,2,3,2,5
wQ8BIBpya2k,tensorflow_image_classification,"Deep Learning with Python, TensorFlow, and Keras tutorial",3,3,3,2,5
6_2hzRopPbQ,tensorflow_image_classification,Tensorflow Tutorial for Python in 10 Minutes,2,2,3,2,4
WvoLTXIjBYU,tensorflow_image_classification,"Convolutional Neural Networks - Deep Learning basics with Python, TensorFlow and Keras p.3",3,2,3,0,5
9NsfX9W80rw,tensorflow_image_classification,What is TensorFlow | TensorFlow Explained in 3-Minutes | Introduction to TensorFlow | Intellipaat,3,1,2,0,3
z-ZR_8BZ1wQ,tensorflow_image_classification,"Pytorch vs Tensorflow vs Keras | Deep Learning Tutorial 6 (Tensorflow Tutorial, Keras & Python)",2,1,3,0,3
eMMZpas-zX0,tensorflow_image_classification,TensorFlow Tutorial 05 - Convolutional Neural Network (CNN),1,1,1,0,1
1saRltqot8c,tensorflow_image_classification,TensorFlow Full Course 2025 | TensorFlow Tutorial for Beginners | TensorFlow Course| Simplilearn,5,4,5,18,5
QzY57FaENXg,tensorflow_image_classification,What are Convolutional Neural Networks (CNNs)?,3,2,5,0,5
fSgNjOvXTCs,tensorflow_image_classification,Unknown,1,1,1,0,1
969JyYVM0Pg,tensorflow_image_classification,"Can a CNN accurately predict Michael Scott‚Äôs emotions? (Python, Tensorflow, Keras Tutorial)",3,2,2,1,5
ORMx45xqWkA,tensorflow_image_classification,PyTorch in 100 Seconds,1,2,3,0,5
9mf4tj8TR4o,tensorflow_image_classification,Code your First Neural Network Model using TensorFlow - Beginner Friendly Explanation!,3,3,5,1,5
IA3WxTTPXqQ,tensorflow_image_classification,Deep Learning for Computer Vision with Python and TensorFlow ‚Äì Complete Course,5,3,3,20,5
P8MZ1Z2LHrw,tensorflow_image_classification,Image recognition in Go using TensorFlow,2,3,2,3,5
eJ_SIwDCPBc,tensorflow_image_classification,"Image Recognition Using CNN | Python, Keras & TensorFlow Tutorial | AI Deep Learning Project",5,2,5,1,5
QwTW870n2pQ,tensorflow_image_classification,"Enhance! Deploying Image Recognition with TensorFlow and Kubernetes, C. West, Google, TechSummit",3,3,2,0,5
zqgpoSPJnKQ,tensorflow_image_classification,Unknown,1,1,1,0,1
OBu-aGl-NSo,tensorflow_image_classification,Unknown,1,1,1,0,1
FEMDZWXfdSE,tensorflow_image_classification,Tensorflow image recognition,3,3,3,0,5
aL6Dm9jtVIY,tensorflow_image_classification,Image Processing With TensorFlow | TensorFlow Image recognition,3,2,3,1,1
dVT7cFcSg0s,tensorflow_image_classification,TensorFlow image recognition and machine learning,3,2,3,0,4
Pkjmsxrz57o,tensorflow_image_classification,Unknown,1,1,1,0,1
cPmjQ9V6Hbk,tensorflow_image_classification,TensorFlow for Computer Vision Course - Full Python Tutorial for Beginners,4,3,3,20,5
bemDFpNooA8,tensorflow_image_classification,Basic Computer Vision with ML (ML Zero to Hero - Part 2),3,2,5,0,5
iyHkg7TmHmE,tensorflow_image_classification,PyTorch vs TensorFlow in 2025 - Make the Right Choice (Different Explained),1,2,3,0,3
j-35y1M9rRU,tensorflow_image_classification,Computer vision by building a neural network with TensorFlow | Machine Learning Foundations,3,3,5,1,5
zEy9rFnKDAw,tensorflow_image_classification,Unknown,1,1,1,0,1
VtRLrQ3Ev-U,tensorflow_image_classification,Python TensorFlow for Machine Learning ‚Äì Neural Network Text Classification Tutorial,2,3,3,9,5
KNAWp2S3w94,tensorflow_image_classification,Intro to Machine Learning (ML Zero to Hero - Part 1),2,2,5,0,5
WzzW8f5H_MQ,tensorflow_image_classification,Ep1 - Getting Started | Zero to Hero in Computer Vision with TensorFlow,4,3,3,5,5
C5Qwr75cyzw,tensorflow_image_classification,Unknown,1,1,1,0,1
QX6dvpMjP3I,tensorflow_image_classification,AWS Cloud Quest | Machine Learning | TensorFlow and Computer Vision,1,1,1,0,1
E__eD-ZpxHk,tensorflow_image_classification,Deep Learning Computer Vision in TensorFlow / Keras: Image Classifier Tutorial,3,3,3,8,5
4G5EO9fXj_c,tensorflow_image_classification,Build and Monitor Computer Vision Models with TensorFlow/Keras + WhyLabs,4,3,3,3,4
JCuVUUa1V7k,tensorflow_image_classification,Build and Monitor Computer Vision Models with TensorFlow/Keras + WhyLabs,4,3,3,6,4
D746UYYpTK4,tensorflow_image_classification,Unknown,1,1,1,0,1
5JAZiue-fzY,tensorflow_image_classification,MobileNet Image Classification with TensorFlow's Keras API,3,3,3,3,5
pGpACe28shM,tensorflow_image_classification,TensorFlow 2 Keras Image Classification,3,1,3,0,1
J1jhfAw5Uvo,tensorflow_image_classification,Image Classification using CNN Keras | Full implementation,5,3,3,2,5
44U8jJxaNp8,tensorflow_image_classification,Real-World Python Neural Nets Tutorial (Image Classification w/ CNN) | Tensorflow & Keras,4,3,3,2,5
LsdxvjLWkIY,tensorflow_image_classification,"Transfer Learning | Deep Learning Tutorial 27 (Tensorflow, Keras & Python)",4,3,4,0,5
CLHk6DniYg0,tensorflow_image_classification,Efficient Image Classification with Transfer Learning and Image Augmentation with TensorFlow Keras,3,3,2,6,5
dFdMyUbtKM4,tensorflow_image_classification,Image classification from scratch - Keras Code Examples,4,3,3,2,5
V61xy1ZnVTM,tensorflow_image_classification,Image Classification Project in Python | Deep Learning Neural Network Model Project in Python,3,3,2,2,4
tOpAcWNr6cQ,tensorflow_image_classification,Image Classification Using CNN - TensorFlow/Keras/Python,3,3,2,0,4
yOXHbRR4IRk,tensorflow_image_classification,Introduction to TensorFlow/Keras: Neural Networks for Image Classification || Ml study Jams- ML uyo,3,2,3,2,5
VIYnV5zXals,tensorflow_image_classification,Mastering Image Classification with Pre-Trained ImageNet Models in TensorFlow & Keras,3,3,3,4,5
pYVScuY-GPk,feature_engineering,What is feature engineering | Feature Engineering Tutorial Python # 1,2,2,2,0,2
Bg3CjiJ67Cc,feature_engineering,Feature Engineering for AI: Transforming Raw Data into Predictions,3,2,4,0,4
uu8um0JmYA8,feature_engineering,Feature Engineering Full Course - in 1 Hour | Beginner Level,5,4,3,5,5
ft77eXtn30Q,feature_engineering,Feature Engineering Secret From A Kaggle Grandmaster,3,3,3,0,5
GduT2ZCc26E,feature_engineering,Feature Engineering Techniques For Machine Learning in Python,5,3,3,1,5
d12ra3b_M-0,feature_engineering,Intro to Feature Engineering with TensorFlow - Machine Learning Recipes #9,3,2,4,0,5
hCwTDTdYirg,feature_engineering,Feature selection in machine learning | Full course,3,3,3,1,5
xhB-dmKmzRk,feature_engineering,Step By Step Process In EDA And Feature Engineering In Data Science Projects,4,3,3,0,3
X4pWmkxEikM,feature_engineering,"How to use Feature Engineering for Machine Learning, Equations",2,3,2,0,5
PeMlggyqz0Y,feature_engineering,Machine Learning Explained in 100 Seconds,1,2,3,0,1
ABV2YS9jbzE,feature_engineering,"Feature Engineering | Applied Machine Learning, Part 1",1,2,2,0,2
LHWFu___jgw,feature_engineering,Unknown,1,1,1,0,1
sluoVhT0ehg,feature_engineering,What is Feature Engineering | Day 23 | 100 Days of Machine Learning,1,1,1,0,1
vsKNxbP8R_8,feature_engineering,Advanced Feature Engineering Tips and Tricks - Data Science Festival,5,3,2,1,3
uROvhp7cj6Q,feature_engineering,RecSys 2020 Tutorial: Feature Engineering for Recommender Systems,4,4,3,5,5
ZAaNMWDi8Ds,feature_engineering,Feature Engineering | Process of Feature Engineering | Great Learning,5,3,2,2,5
fHFOANOHwh8,feature_engineering,Complete Exploratory Data Analysis And Feature Engineering In 3 Hours| Krish Naik,5,3,3,8,5
E0Hmnixke2g,feature_engineering,All Machine Learning algorithms explained in 17 min,2,3,3,1,5
WElBhXr9B7c,feature_engineering,Feature engineering vs Feature Learning (tips tricks 46 ),1,3,3,0,4
gX7lV-pokn4,feature_engineering,R Tutorial: Introduction to feature engineering in R,3,2,3,1,5
DkLQtGqQedo,feature_engineering,Introduction to Feature Engineering in Machine Learning,5,2,3,0,5
BdL-cKUG4hE,feature_engineering,What is Feature Engineering | Feature Engineering Techniques | Feature Engineering | Intellipaat,4,3,3,1,2
FUB1KlhqH58,feature_engineering,Feature Engineering For Trading: Improve Your Trading Strategy With These Techniques | Quantreo,1,3,3,0,5
AnZWCB1gpfE,feature_engineering,What is Feature Engineering?,3,2,3,0,5
3R5mfnzGAQk,feature_engineering,What Is Feature Engineering In Machine Learning? - The Friendly Statistician,4,1,3,0,5
krCoPfnduzU,feature_engineering,Feature Engineering - Machine Learning,3,3,5,3,5
U_kn7U-eZRw,feature_engineering,Unknown,1,1,1,0,1
vW8Ykd2nCCk,feature_engineering,How Is Feature Extraction Used In Machine Learning? - The Friendly Statistician,2,1,3,0,5
AU_hBML2H1c,feature_engineering,Machine Learning - Dimensionality Reduction - Feature Extraction & Selection,2,2,3,0,5
jM3tBsLYRdY,feature_engineering,Feature Extraction in Data (Machine Learning Technique),1,2,5,0,5
jql3TvWuCJs,feature_engineering,How Feature Extraction Works in Machine Learning | Explained with Examples,1,2,2,0,5
JviZB2d64KU,feature_engineering,Feature Extraction in Machine Learning,1,1,1,0,1
ivvxfWR1azI,feature_engineering,Class 27 Video: Feature Extraction and Machine Learning,3,3,5,1,5
Bm2eATh8OZ8,feature_engineering,What Is Feature Extraction? - Next LVL Programming,1,1,3,0,4
zY4Hu998lFE,feature_engineering,Machine Learning 102 - Feature Extraction,3,3,3,0,4
yJcIDIPOlA0,feature_engineering,Machine Learning y predicci√≥n espacial: visualizando la propagaci√≥n de plagas en Experience Builder,1,1,1,0,1
FwbXHY8KCUw,feature_engineering,Feature Extraction,1,2,4,0,1
oEKg_jiV1Ng,feature_engineering,Image classification + feature extraction with Python and Scikit learn | Computer vision tutorial,2,3,3,0,5
RZvPgSiOYas,feature_engineering,"Features Extraction in Images, Text, and Audio Data",2,3,3,0,4
zlsTPVFw2_M,feature_engineering,Unknown,1,1,1,0,1
2JB_yJPlvP8,feature_engineering,How Does Feature Extraction Reduce Data Dimensions? - AI and Machine Learning Explained,3,2,3,0,5
Fn1Hpt70K4g,feature_engineering,"Lecture 4 - Feature Extraction - Feature Space, Metrics, Color Histograms, LBP, SIFT - COMP 4423",2,3,3,0,5
YRCLmV4t9lI,feature_engineering,ML 7 :  Features Selections & Feature Extractions with Examples  #machinelearningfullcourse,1,1,1,0,1
NKakENiEaPs,feature_engineering,Python Tutorial : Feature engineering and overfitting,3,2,3,0,5
a0bw8EeAxc8,feature_engineering,Feature Engineering with Python | Course,4,3,3,2,4
4-4pKPv9lJ4,feature_engineering,Automated Feature Engineering and Selection in Python,1,1,1,0,1
XdX8xIJpemc,feature_engineering,How to do Feature Engineering in Python Using Pandas,1,2,3,0,2
Kjo1xuKgGIM,feature_engineering,"""Complete Guide to Feature Engineering & Regular Expressions for Machine Learning & NLP",5,3,5,0,5
jVJ082-WodY,feature_engineering,Python Tutorial: Introduction to NLP feature engineering,2,2,3,0,5
LUZGlS07YiY,feature_engineering,Feature Engineering: An Apprentice‚Äôs Guide to the ‚ÄúDark Art‚Äù of Machine Learning,4,3,2,1,5
Fa_V9fP2tpU,feature_engineering,All Machine Learning Concepts Explained in 22 Minutes,3,2,3,1,4
LbX4X71-TFI,model_evaluation_metrics,How to evaluate ML models | Evaluation metrics for machine learning,4,3,3,1,5
lt1YxJ_8Jzs,model_evaluation_metrics,Evaluation Metrics for Machine Learning Models | Full Course,5,3,2,5,5
PeYQIyOyKB8,model_evaluation_metrics,Maria Khalusova: Machine Learning Model Evaluation Metrics | PyData LA 2019,5,2,2,6,5
wpQiEHYkBys,model_evaluation_metrics,Machine Learning Model Evaluation Metrics,5,3,2,6,5
iQOgCcbfXsI,model_evaluation_metrics,"AI Model Evaluation: Metrics for Classification, Regression & Generative AI! üöÄ",4,3,3,2,4
iKM8zUzYULs,model_evaluation_metrics,"10 Days of AI Basics, Day 6: Evaluation Metrics",4,1,3,0,2
FXokoJUhsLQ,model_evaluation_metrics,How to Evaluate Your ML Models Effectively? | Evaluation Metrics in Machine Learning!,5,1,2,1,5
M05L1DhFqcw,model_evaluation_metrics,What is the BLEU metric?,3,2,3,0,5
qWfzIYCvBqo,model_evaluation_metrics,Never Forget Again! // Precision vs Recall with a Clear Example of Precision and Recall,3,2,2,0,5
8d3JbbSj-I8,model_evaluation_metrics,"Precision, Recall, & F1 Score Intuitively Explained",4,2,2,1,5
P7L5Frmdz4s,model_evaluation_metrics,What Are Common Model Evaluation Metrics? - The Friendly Statistician,4,2,3,0,5
pGPiRRfNsr0,model_evaluation_metrics,Evaluation Metrics For Classification - Full Overview,5,2,2,2,5
epZQq_tBaT4,model_evaluation_metrics,Unknown,1,1,1,0,1
2osIZ-dSPGE,model_evaluation_metrics,"Precision, Recall, F1 score, True Positive|Deep Learning Tutorial 19 (Tensorflow2.0, Keras & Python)",4,2,2,4,4
aWAnNHXIKww,model_evaluation_metrics,Tutorial 34- Performance Metrics For Classification Problem In Machine Learning- Part1,5,3,3,4,4
cRz0BWkuwHg,model_evaluation_metrics,Key Metrics and Evaluation Methods for RAG,3,3,3,0,4
q7LwPoM7tSQ,model_evaluation_metrics,"Performance Metrics Ultralytics YOLOv8 | MAP, F1 Score, Precision, IOU & Accuracy | Episode 25",4,3,3,1,5
Ti7c-Hz7GSM,model_evaluation_metrics,"Regression Metrics | MSE, MAE & RMSE | R2 Score & Adjusted R2 Score",1,1,1,0,1
TrzUlo4BImM,model_evaluation_metrics,Evaluation Metrics For Regression - When & Why To Use What,1,2,3,1,5
kDY4TodQwbg,model_evaluation_metrics,What are Large Language Model (LLM) Benchmarks?,2,2,4,0,5
Kdsp6soqA7o,model_evaluation_metrics,Machine Learning Fundamentals: The Confusion Matrix,2,2,3,0,4
aDW44NPhNw0,model_evaluation_metrics,Machine Learning: Testing and Error Metrics,4,3,3,1,5
fSytzGwwBVw,model_evaluation_metrics,Machine Learning Fundamentals: Cross Validation,1,2,3,0,5
E0Hmnixke2g,model_evaluation_metrics,All Machine Learning algorithms explained in 17 min,2,3,3,1,5
4jRBRDbJemM,model_evaluation_metrics,"ROC and AUC, Clearly Explained!",3,2,2,0,5
yN7ypxC7838,model_evaluation_metrics,All Machine Learning Models Explained in 5 Minutes | Types of ML Models Basics,1,2,3,0,2
4wr1LesHDHc,model_evaluation_metrics,Top 9 Performance Evaluation Metrics | Machine Learning Classification,5,3,4,1,5
A_ZKMsZ3f3o,model_evaluation_metrics,"Tutorial 41-Performance Metrics(ROC,AUC Curve) For Classification Problem In Machine Learning Part 2",3,3,3,0,4
KdUrfY1yM0w,model_evaluation_metrics,"Classification Metrics Explained | Sensitivity, Precision, AUROC, & More",5,3,3,3,4
hkgJfS1LgSc,model_evaluation_metrics,CLASSIFICATION METRICS Course // FREE preview of first lesson,3,1,2,0,2
c09drtuCS3c,model_evaluation_metrics,Accuracy and Confusion Matrix | Type 1 and Type 2 Errors | Classification Metrics Part 1,1,1,1,0,1
_CGTbkHwUHQ,model_evaluation_metrics,Confusion Matrix Solved Example Accuracy Precision Recall F1 Score Prevalence by Mahesh Huddar,4,2,3,0,5
AZ45uzDTE9Y,model_evaluation_metrics,The Beginner‚Äôs Guide to Classification Metrics for Machine Learning Models (Step-by-Step),5,2,3,3,5
tYZ6cpatw-w,model_evaluation_metrics,Performance Metrics On MultiClass Classification Problems,4,3,3,2,3
iK-kdhJ-7yI,model_evaluation_metrics,"Precision, Recall and F1 Score | Classification Metrics Part 2",1,1,1,0,1
V2km7VW8t4Q,model_evaluation_metrics,"Binary Classification Metrics: Understanding Accuracy, Precision, and Recall",4,2,3,0,3
uuQ4XLeyWG0,model_evaluation_metrics,Episode 4: Simple and Basic Binary Classification Metrics,4,3,3,5,5
83Gh8XsfZMo,model_evaluation_metrics,Unknown,1,1,1,0,1
5vqk6HnITko,model_evaluation_metrics,"Performance Metrics, Accuracy,Precision,Recall And F-Beta Score Explained In Hindi|Machine Learning",1,1,1,0,1
w1RySTwe6Dk,model_evaluation_metrics,"Regression Metrics in Machine Learning | MAE, MSE, RMSE, R2 Score(R-Squared) üìäüîç",1,2,2,0,5
3dhcmeOTZ_Q,model_evaluation_metrics,Linear Regression in 3 Minutes,1,2,3,0,5
spvYjEWtX-o,model_evaluation_metrics,ML Concepts -  Best Practices when using ML Regression Metrics,3,3,3,0,5
SH4soR1O7fY,model_evaluation_metrics,What are the Metrics used to Evaluate the performance of Regression Models in ML DM by Mahesh Huddar,1,2,2,0,2
dMtzHp3pBWs,model_evaluation_metrics,"Master Regression Metrics in ML (Machine Learning) ‚Äì MAE, MSE, RMSE, Explained Simply!",1,3,2,0,5
RYJ1WYUe9_M,model_evaluation_metrics,Master Regression Metrics in Machine Learning | Python Tutorial Made Simple,1,2,2,0,5
UVaUn_vT4VU,model_evaluation_metrics,Unknown,1,1,1,0,1
jbWMQWLkuWk,model_evaluation_metrics,ML for Business: Metrics for Regression,1,3,2,0,4
KZ_-Xu5A9yM,model_evaluation_metrics,"34   Regression Metrics and KPIs   RMSE, MSE, MAE, MAPE",1,2,3,0,5
W01eOG4k0es,model_evaluation_metrics,Evaluating Regression Models: Metrics and Validation,3,3,5,2,4
KNlJVUVbaMg,model_evaluation_metrics,Unknown,1,1,1,0,1
wr0HbHKjMyA,model_evaluation_metrics,Unknown,1,1,1,0,1
QAWwupiu4JI,model_evaluation_metrics,Regression Metrics used in Machine Learning,1,3,3,3,4
Z8tUuplPYlI,model_evaluation_metrics,Unknown,1,1,1,0,1
7FSF3W7-wIQ,model_evaluation_metrics,Regression model evaluation metrics - Part 1(R^2) - 47,1,2,3,0,5
cpQC6cYE6Ts,model_evaluation_metrics,Unknown,1,1,1,0,1
jyeNAByFL_A,model_evaluation_metrics,Machine Learning Regression Models Metrics,1,3,3,0,4
bN-yBh4GAeY,model_evaluation_metrics,What is a Confusion Matrix?,2,1,2,0,5
PoqGrCscJ7k,model_evaluation_metrics,Confusion to Clarity: Mastering Confusion Matrix in Machine Learning,4,2,5,1,5
8yZTriANUrA,model_evaluation_metrics,Unknown,1,1,1,0,1
pss3RKf9gP4,model_evaluation_metrics,"Introduction to AI, Lesson 6.1 - Multiclass Confusion Matrix",1,2,1,2,5
jr_BcU4QlNE,model_evaluation_metrics,Confusion Matrix | How to evaluate classification model | Machine Learning Basics,4,2,4,0,5
LxcRFNRgLCs,model_evaluation_metrics,The Confusion Matrix : Data Science Basics,4,3,3,5,5
8Oog7TXHvFY,model_evaluation_metrics,Making sense of the confusion matrix,4,3,2,10,4
bgyN3RO2ICo,model_evaluation_metrics,Unknown,1,1,1,0,1
SUikDsbgUIY,model_evaluation_metrics,Unknown,1,1,1,0,1
q4MnddDBLoI,model_evaluation_metrics,How to Generate and Visualize Confusion Matrix | Machine Learning Python,2,3,3,0,5
AOIkPnKu0YA,model_evaluation_metrics,Confusion Matrix - Model Building and Validation,1,1,4,0,3
92ww8yNxuOQ,model_evaluation_metrics,Confusion Matrix In Machine Learning | Confusion Matrix Example | Machine Learning | Simplilearn,5,2,5,0,5
L3r7fL18L3E,model_evaluation_metrics,CONFUSION MATRIX in Python (with Scikit-Learn),4,2,3,1,5
vezkZNorkMU,model_evaluation_metrics,"How to Generate and Analyze a Confusion Matrix | Accuracy, Precision, Recall & Model Evaluation üöÄ",4,2,5,1,5
OHBvQOGjTFo,model_evaluation_metrics,Confusion Matrix | Data Science,4,2,3,0,5
zqJLLaDd4QQ,model_evaluation_metrics,"Write your own function for Multiclass Classification Confusion matrix, F1  score, precision, recall",1,1,1,0,1
gkNccYwtAbU,model_evaluation_metrics,Confusion Matrix for Multiclass Classification Precision Recall  Weighted F1 Score  by Mahesh Huddar,4,2,3,11,5
